,Trainsize,MAE,Std
0,250,76.767750987147,86.56119609900024
1,500,5.041801491595572,2.334323314056992
2,1000,3.1538913536732367,0.10694198799746311
3,1708,2.8278343177611163,0.0767795956534661
