,Trainsize,MAE,Std
0,250,3.650211512857168,0.30707538698293013
1,500,2.928163600564633,0.26042997702782344
2,706,2.6509249805771455,0.2581836640248341
