,Trainsize,MAE,Std
0,250,4.1696508678237825,0.22069613719812603
1,395,3.678088312298221,0.40108593359010264
