250,nan,nan
500,92.50194198662975,78.63662003924769
1000,4.964566606100797,0.08667069767487136
2000,4.378019773004578,0.1420681089873047
4000,4.0632791050694435,0.042460475717753327
