,Trainsize,MAE,Std
0,250,4.617312430733618,0.39843551856671977
1,437,3.8995201597628877,0.2628781137414527
