,Trainsize,MAE,Std
0,250,2.5189964909644917,0.5531959607455615
1,500,1.843757421219168,0.15662044202247977
2,735,1.705061186730078,0.18492756845618263
